food_id,food_name,protein,fat,carbs,sodium,calories,category,allergens,dietary_tags,cost_tier
330458,"Oil, coconut",0.0,99.1,0.84,0.0,833.0,nuts_seeds,none,"vegan,vegetarian,gluten_free,dairy_free,nut_free,paleo,keto",low
334247,"Sugars, granulated",0.0,0.32,99.6,1.0,0.0,sweetener,none,"vegan,vegetarian,gluten_free,dairy_free,nut_free",low
746784,"Sugars, granulated",0.0,0.32,99.6,1.0,385.0,sweetener,none,"vegan,vegetarian,gluten_free,dairy_free,nut_free",low
323793,"Egg, white, dried",79.9,0.65,6.02,1250.0,376.0,dairy,"dairy,eggs","vegetarian,gluten_free,nut_free,keto",low
329830,"Cheese, dry white, queso seco",24.5,24.3,2.07,1810.0,0.0,dairy,dairy,"vegetarian,gluten_free,nut_free,keto",medium
2346395,"Nuts, pecans, halves, raw",9.9587,73.28,12.6993,0.0,699.59644,nuts_seeds,tree_nuts,"vegan,vegetarian,gluten_free,dairy_free,paleo",high
2512377,"Flour, cassava",0.918225,0.4938,87.312975,13.08,358.55706075,grain,none,"vegan,vegetarian,gluten_free,dairy_free,nut_free",low
2346394,"Nuts, walnuts, English, halves, raw",14.5644,69.74,10.9096,0.0,678.66434,nuts_seeds,tree_nuts,"vegan,vegetarian,gluten_free,dairy_free,paleo",medium
746765,"Cheese, dry white, queso seco",24.5,24.3,2.07,1810.0,326.0,dairy,dairy,"vegetarian,gluten_free,nut_free,keto",medium
332791,"Olives, green, Manzanilla, stuffed with pimiento",1.15,12.9,4.96,1620.0,130.0,condiment,none,"vegan,vegetarian,gluten_free,dairy_free,nut_free,paleo,keto",medium
749420,"Pork, cured, bacon, cooked, restaurant",40.9,36.5,2.1,1830.0,512.0,meat,none,"gluten_free,dairy_free,nut_free,paleo,keto",medium
2710829,"Fonio, grain, dry, raw",7.16875,1.693,81.30525,2.967,376.8911025,grain,none,"vegan,vegetarian,gluten_free,dairy_free,nut_free",medium
790276,"Flour, corn, yellow, fine meal, enriched",6.2,1.74,80.8,0.0,372.0,grain,none,"vegan,vegetarian,gluten_free,dairy_free,nut_free",low
2515378,"Nuts, macadamia nuts, raw",7.7857,64.93,24.0943,0.0,668.54428,nuts_seeds,tree_nuts,"vegan,vegetarian,gluten_free,dairy_free,paleo",high
2512381,"Rice, white, long grain, unenriched, raw",7.03885,1.033,80.31315,0.4625,369.637321,grain,none,"vegan,vegetarian,gluten_free,dairy_free,nut_free",low
2515377,"Flour, chestnut",5.28675,4.636,80.45025,0.0,384.58086,grain,none,"vegan,vegetarian,gluten_free,dairy_free,nut_free",low
1104867,"Flour, rice, glutinous",6.69,1.16,80.1,6.0,368.0,grain,none,"vegan,vegetarian,gluten_free,dairy_free,nut_free",low
790214,"Flour, rice, white, unenriched",6.94,1.3,79.8,5.0,369.0,grain,none,"vegan,vegetarian,gluten_free,dairy_free,nut_free",low
2261422,"Flour, potato",8.1125,0.9513,79.9422,47.66,352.682197,vegetable,none,"vegan,vegetarian,gluten_free,dairy_free,nut_free,paleo",low
1104913,"Flour, pastry, unenriched, unbleached",8.75,1.64,77.2,1.0,367.0,grain,gluten,"vegan,vegetarian,dairy_free,nut_free",low
789890,"Flour, wheat, all-purpose, enriched, bleached",10.9,1.48,77.3,2.0,375.0,grain,gluten,"vegan,vegetarian,dairy_free,nut_free",low
2512380,"Rice, brown, long grain, unenriched, raw",7.25305,3.306,76.68795,0.0,368.3584745,grain,none,"vegan,vegetarian,gluten_free,dairy_free,nut_free",low
2710825,"Rice, black, unenriched, raw",7.56875,3.438,77.18825,0.0,360.53871,grain,none,"vegan,vegetarian,gluten_free,dairy_free,nut_free",low
2512375,"Flour, rye",8.3952,1.908,77.1618,0.0,350.962038,grain,gluten,"vegan,vegetarian,dairy_free,nut_free",low
2512373,"Flour, sorghum",8.27277,3.586,77.39123,0.0,363.8590417,grain,gluten,"vegan,vegetarian,dairy_free,nut_free",low
2512376,"Flour, barley",8.72168,2.45,77.39832,20.33,357.191828,grain,gluten,"vegan,vegetarian,dairy_free,nut_free",low
2710835,"Corn flour, masa harina, white or yellow, dry, raw",7.5625,4.34,76.6895,2.733,366.03011,grain,none,"vegan,vegetarian,gluten_free,dairy_free,nut_free",low
1104812,"Flour, rice, brown",7.19,3.85,75.5,1.0,368.0,grain,none,"vegan,vegetarian,gluten_free,dairy_free,nut_free",low
2710838,"Rice, red, unenriched, dry, raw",8.5625,3.44,76.1545,0.4375,359.99995,grain,none,"vegan,vegetarian,gluten_free,dairy_free,nut_free",low
329716,"Egg, yolk, dried",34.2,55.5,1.07,149.0,654.0,dairy,"dairy,eggs","vegetarian,gluten_free,nut_free,keto",low
2346392,"Nuts, pine nuts, raw",15.7039,61.27,18.5921,0.0,642.99228,nuts_seeds,tree_nuts,"vegan,vegetarian,gluten_free,dairy_free,paleo",high
325198,"Cheese, pasteurized process, American, vitamin D fortified",18.0,30.6,5.27,1660.0,366.0,dairy,dairy,"vegetarian,gluten_free,nut_free,keto",medium
2710821,"Wild rice, dry, raw",12.7875,1.704,75.6695,1.014,358.55263,grain,none,"vegan,vegetarian,gluten_free,dairy_free,nut_free",low
2262073,"Sesame butter, creamy",19.7054,62.4,14.179,63.63,648.374268,dairy,"dairy,sesame","vegetarian,gluten_free,nut_free",medium
2710820,"Bulgur, dry, raw",11.75625,2.421,75.88175,2.18,349.3017225,other,none,"vegan,vegetarian,gluten_free,dairy_free,nut_free,paleo",medium
2003586,"Flour, 00",11.4,1.52,74.4462,0.0,365.610744,grain,gluten,"vegan,vegetarian,dairy_free,nut_free",low
790018,"Flour, wheat, all-purpose, unenriched, unbleached",12.0,1.7,74.6,2.0,370.0,grain,gluten,"vegan,vegetarian,dairy_free,nut_free",low
2512379,"Millet, whole grain",10.02177,4.194,74.44623,0.0,380.6064975,grain,none,"vegan,vegetarian,gluten_free,dairy_free,nut_free",medium
2512374,"Flour, buckwheat",8.88492,2.484,75.01808,0.0,334.3016028,grain,gluten,"vegan,vegetarian,dairy_free,nut_free",low
2003588,"Flour, semolina, coarse and semi-coarse",11.73125,1.597,73.82345,0.0,365.0310665,grain,gluten,"vegan,vegetarian,dairy_free,nut_free",low
2647443,"Cheese, cotija, solid",23.83568,27.24,2.72432,1625.0,351.761072,dairy,dairy,"vegetarian,gluten_free,nut_free,keto",medium
2710841,"Sorghum grain, white, pearled, unenriched, dry, raw",10.25,3.265,74.872,0.0,338.38971,vegetable,none,"vegan,vegetarian,gluten_free,dairy_free,nut_free,paleo",medium
325036,"Cheese, parmesan, grated",29.6,28.0,12.4,1750.0,420.0,dairy,dairy,"vegetarian,gluten_free,nut_free",medium
789951,"Flour, wheat, all-purpose, enriched, unbleached",13.1,1.48,73.2,4.0,367.0,grain,gluten,"vegan,vegetarian,dairy_free,nut_free",low
2710840,"Sorghum flour, white, pearled, unenriched, dry, raw",10.2125,3.238,73.5065,0.0,349.558015,vegetable,gluten,"vegan,vegetarian,dairy_free,nut_free,paleo",low
790146,"Flour, bread, white, enriched, unbleached",14.3,1.65,72.8,3.0,372.0,grain,gluten,"vegan,vegetarian,dairy_free,nut_free",low
2710842,"Sorghum, whole grain, white, dry, raw",10.08125,4.219,73.57375,0.3288,340.98918,grain,none,"vegan,vegetarian,gluten_free,dairy_free,nut_free",medium
2003589,"Flour, semolina, fine",13.33125,1.838,71.98575,0.4263,365.9569125,grain,gluten,"vegan,vegetarian,dairy_free,nut_free",low
747429,"Cheese, American, restaurant",17.5,31.1,6.35,1600.0,373.0,dairy,dairy,"vegetarian,gluten_free,nut_free,keto",medium
2515373,"Nuts, brazilnuts, raw",15.03684,57.43,21.64216,0.0,620.950526,nuts_seeds,none,"vegan,vegetarian,gluten_free,dairy_free,nut_free,paleo",medium
2710828,"Farro, pearled, dry, raw",12.63944,3.103,72.13156,0.845,344.0049964,vegetable,none,"vegan,vegetarian,gluten_free,dairy_free,nut_free,paleo",medium
2710830,"Khorasan, grain, dry, raw",14.75573,2.8,71.79427,3.936,347.7914113,grain,none,"vegan,vegetarian,gluten_free,dairy_free,nut_free",medium
2512378,"Buckwheat, whole grain",11.06534,3.039,71.13066,0.0,331.6005206,grain,gluten,"vegan,vegetarian,dairy_free,nut_free",medium
790085,"Flour, whole wheat, unenriched",15.1,2.73,71.2,3.0,346.0,grain,gluten,"vegan,vegetarian,dairy_free,nut_free",low
2003587,"Flour, spelt, whole grain",14.475,2.543,70.723,0.0,340.5831,grain,gluten,"vegan,vegetarian,dairy_free,nut_free",low
2346397,"Oats, whole grain, steel cut",12.51118,5.8,69.75082,0.3113,379.2080612,grain,none,"vegan,vegetarian,gluten_free,dairy_free,nut_free",medium
2261421,"Flour, oat, whole grain",13.16875,6.309,69.91725,3.619,386.429275,grain,gluten,"vegan,vegetarian,dairy_free,nut_free",low
2512372,"Flour, quinoa",11.92235,6.601,69.52465,6.321,378.394015,grain,gluten,"vegan,vegetarian,dairy_free,nut_free",low
2512371,"Flour, amaranth",13.2093,6.236,68.7787,0.0,377.9609,grain,gluten,"vegan,vegetarian,dairy_free,nut_free",low
2346396,"Oats, whole grain, rolled, old fashioned",13.49645,5.89,68.65755,0.6675,378.866123,grain,none,"vegan,vegetarian,gluten_free,dairy_free,nut_free",medium
2515375,"Nuts, hazelnuts or filberts, raw",13.4938,53.49,26.5012,0.0,602.39467,nuts_seeds,tree_nuts,"vegan,vegetarian,gluten_free,dairy_free,paleo",medium
2710827,"Einkorn, grain, dry, raw",15.11719,3.811,68.65381,0.0,345.6801839,grain,none,"vegan,vegetarian,gluten_free,dairy_free,nut_free",medium
2710839,"Sorghum bran, white, unenriched, dry, raw",11.16875,9.259,68.69525,2.915,364.50325,grain,none,"vegan,vegetarian,gluten_free,dairy_free,nut_free",medium
2262074,"Almond butter, creamy",20.78734,53.04,21.23666,0.9963,602.510076,dairy,"dairy,tree_nuts","vegetarian,gluten_free",medium
326905,"Figs, dried, uncooked",3.3,0.92,63.9,10.0,0.0,other,none,"vegan,vegetarian,gluten_free,dairy_free,nut_free,paleo",medium
333008,"Cookies, oatmeal, soft, with raisins",5.79,14.3,69.6,314.0,0.0,grain,none,"vegan,vegetarian,gluten_free,dairy_free,nut_free",medium
746768,"Figs, dried, uncooked",3.3,0.92,63.9,10.0,249.0,other,none,"vegan,vegetarian,gluten_free,dairy_free,nut_free,paleo",medium
2346393,"Nuts, almonds, whole, raw",21.45038,51.09,20.03462,0.0,583.597022,nuts_seeds,tree_nuts,"vegan,vegetarian,gluten_free,dairy_free,paleo",medium
2261420,"Flour, almond",26.24375,50.23,16.24925,0.8944,577.62536,grain,tree_nuts,"vegan,vegetarian,gluten_free,dairy_free",low
323294,"Nuts, almonds, dry roasted, with salt added",20.4,57.8,16.2,256.0,621.0,nuts_seeds,tree_nuts,"vegan,vegetarian,gluten_free,dairy_free,paleo",medium
329490,"Egg, whole, dried",48.1,39.8,1.87,485.0,576.0,dairy,"dairy,eggs","vegetarian,gluten_free,nut_free,keto",low
2647439,"Cheese, pasteurized process cheese food or product, American, singles",15.5672,23.86,8.1898,1420.0,307.89587,dairy,dairy,"vegetarian,gluten_free,nut_free,keto",medium
1104705,"Flour, soy, defatted",51.1,3.33,32.9,2.0,339.0,grain,"gluten,soy","vegan,vegetarian,dairy_free,nut_free",low
2644283,"Lentils, dry",23.56875,1.925,62.17125,0.0,350.9328,vegetable,none,"vegan,vegetarian,gluten_free,dairy_free,nut_free,paleo",low
2644284,"Blackeye pea, dry",21.225,2.419,61.836,3.458,345.5703,vegetable,none,"vegan,vegetarian,gluten_free,dairy_free,nut_free,paleo",medium
2515381,"Seeds, sunflower seed, kernel, raw",18.8733,48.44,24.5007,0.0,570.651,nuts_seeds,none,"vegan,vegetarian,gluten_free,dairy_free,nut_free,paleo",medium
2644281,"Beans, cannellini, dry",21.5625,2.199,59.7955,0.0,336.59519,vegetable,none,"vegan,vegetarian,gluten_free,dairy_free,nut_free,paleo",low
2644282,"Chickpeas, (garbanzo beans, bengal gram), dry",21.275,6.274,60.358,8.779,371.99469,vegetable,none,"vegan,vegetarian,gluten_free,dairy_free,nut_free,paleo",low
2515379,"Nuts, pistachio nuts, raw",20.5057,45.02,27.6943,0.0,560.68798,nuts_seeds,tree_nuts,"vegan,vegetarian,gluten_free,dairy_free,paleo",medium
326698,"Mustard, prepared, yellow",4.25,3.38,5.3,1100.0,61.0,condiment,none,"vegan,vegetarian,gluten_free,dairy_free,nut_free,paleo,keto",medium
2515376,"Peanuts, raw",23.205,43.28,26.498,1.493,550.62181,vegetable,peanuts,"vegan,vegetarian,gluten_free,dairy_free,paleo",medium
2515382,"Flour, coconut",16.1385,15.28,58.9025,46.94,423.62737,grain,none,"vegan,vegetarian,gluten_free,dairy_free,nut_free",low
325524,"Seeds, sunflower seed kernels, dry roasted, with salt added",21.0,56.1,17.1,532.0,612.0,nuts_seeds,none,"vegan,vegetarian,gluten_free,dairy_free,nut_free,paleo",medium
2515374,"Nuts, cashew nuts, raw",17.4423,38.86,36.2887,4.759,533.47799,nuts_seeds,tree_nuts,"vegan,vegetarian,gluten_free,dairy_free,paleo",medium
2515380,"Seeds, pumpkin seeds (pepitas), raw",29.9079,40.03,18.6751,0.0,514.83917,nuts_seeds,none,"vegan,vegetarian,gluten_free,dairy_free,nut_free,paleo",medium
2262072,"Peanut butter, creamy",23.99124,49.43,22.70376,220.7,589.383006,dairy,"dairy,peanuts","vegetarian,gluten_free",medium
332397,"Ham, sliced, pre-packaged, deli meat (96%fat free, water added)",16.7,3.73,0.27,1040.0,106.0,meat,none,"gluten_free,dairy_free,nut_free,paleo,keto",medium
746952,"Ham, sliced, restaurant",19.6,3.68,2.36,1030.0,126.0,meat,none,"gluten_free,dairy_free,nut_free,paleo,keto",medium
2262075,"Flaxseed, ground",18.0359,37.28,34.3551,36.74,514.44343,nuts_seeds,none,"vegan,vegetarian,gluten_free,dairy_free,nut_free,paleo",medium
332864,"Sausage, pork, chorizo, link or ground, cooked, pan-fried",19.3,28.1,2.63,983.0,0.0,meat,none,"gluten_free,dairy_free,nut_free,paleo,keto",medium
2710819,"Chia seeds, dry, raw",17.013,32.89,38.273,0.0,490.09552,nuts_seeds,none,"vegan,vegetarian,gluten_free,dairy_free,nut_free,paleo",medium
324860,"Peanut butter, smooth style, with salt",22.5,51.1,22.3,429.0,597.0,dairy,"dairy,peanuts","vegetarian,gluten_free",medium
747693,"Ketchup, restaurant",1.11,0.55,26.8,949.0,103.0,condiment,none,"vegan,vegetarian,gluten_free,dairy_free,nut_free,paleo",medium
1104766,"Flour, soy, full-fat",38.6,20.7,27.9,2.0,421.0,grain,"gluten,soy","vegan,vegetarian,dairy_free,nut_free",low
2259795,"Cheese, parmesan, grated, refrigerated",30.13912,29.5,4.33188,1046.0,404.763418,dairy,dairy,"vegetarian,gluten_free,nut_free,keto",medium
2346386,"Cream, heavy",2.017994,35.56,3.799506,20.61,335.8933226,dairy,dairy,"vegetarian,gluten_free,nut_free,keto",medium
324653,"Pickles, cucumber, dill or kosher dill",0.48,0.43,1.99,808.0,12.0,vegetable,none,"vegan,vegetarian,gluten_free,dairy_free,nut_free,paleo,keto",medium
2259796,"Cheese, feta, whole milk, crumbled",19.70782,19.08,5.58318,1034.0,273.472498,dairy,dairy,"vegetarian,gluten_free,nut_free,keto",low
746767,"Cheese, swiss",27.0,31.0,1.44,185.0,393.0,dairy,dairy,"vegetarian,gluten_free,nut_free,keto",medium
746779,"Sausage, breakfast sausage, beef, pre-cooked, unprepared",13.3,28.7,3.37,866.0,346.0,meat,none,"gluten_free,dairy_free,nut_free,paleo,keto",medium
325871,"Bread, white, commercially prepared",9.43,3.59,49.2,477.0,270.0,grain,none,"vegan,vegetarian,gluten_free,dairy_free,nut_free",low
323121,"Frankfurter, beef, unheated",11.7,28.0,2.89,872.0,314.0,meat,none,"gluten_free,dairy_free,nut_free,paleo,keto",medium
324157,"Sausage, breakfast sausage, beef, pre-cooked, unprepared",13.3,28.7,3.37,866.0,329.0,meat,none,"gluten_free,dairy_free,nut_free,paleo,keto",medium
325658,"Sausage, Italian, pork, mild, cooked, pan-fried",18.2,26.2,2.15,766.0,0.0,meat,none,"gluten_free,dairy_free,nut_free,paleo,keto",medium
748236,"Eggs, Grade A, Large, egg yolk",16.2,28.8,1.02,0.0,334.0,dairy,"dairy,eggs","vegetarian,gluten_free,nut_free,keto",low
335240,"Bread, whole-wheat, commercially prepared",12.3,3.55,43.1,450.0,0.0,grain,gluten,"vegan,vegetarian,dairy_free,nut_free",low
328637,"Cheese, cheddar",23.3,34.0,2.44,654.0,408.0,dairy,dairy,"vegetarian,gluten_free,nut_free,keto",medium
331960,"Chicken, broiler or fryers, breast, skinless, boneless, meat only, cooked, braised",32.1,3.24,0.0,47.0,166.0,meat,gluten,"dairy_free,nut_free,paleo,keto",low
2647438,"Cheese, monterey jack, solid",22.6171,32.63,1.8979,662.2,390.73759,dairy,dairy,"vegetarian,gluten_free,nut_free,keto",medium
326135,"Cheese, swiss",27.0,31.0,1.44,185.0,0.0,dairy,dairy,"vegetarian,gluten_free,nut_free,keto",medium
2346385,"Cream cheese, full fat, block",5.78985,33.49,4.55615,367.8,336.73206,dairy,dairy,"vegetarian,gluten_free,nut_free,keto",medium
746780,"Sausage, Italian, pork, mild, cooked, pan-fried",18.2,26.2,2.15,766.0,322.0,meat,none,"gluten_free,dairy_free,nut_free,paleo,keto",medium
324038,"Sauce, salsa, ready-to-serve",1.44,0.19,6.74,656.0,0.0,condiment,none,"vegan,vegetarian,gluten_free,dairy_free,nut_free,paleo,keto",medium
2647440,"Cheese, provolone, sliced",23.45288,28.13,2.45312,600.9,356.900072,dairy,dairy,"vegetarian,gluten_free,nut_free,keto",medium
746777,"Sauce, salsa, ready-to-serve",1.44,0.19,6.74,656.0,29.0,condiment,none,"vegan,vegetarian,gluten_free,dairy_free,nut_free,paleo,keto",medium
2710818,"Plantains, underripe, raw",1.229375,0.685,33.587325,0.0,144.50803225,other,none,"vegan,vegetarian,gluten_free,dairy_free,nut_free,paleo",medium
329596,"Egg, yolk, raw, frozen, pasteurized",15.6,25.1,0.59,66.0,297.0,dairy,"dairy,eggs","vegetarian,gluten_free,nut_free,keto",low
2647441,"Cheese, oaxaca, solid",22.14498,22.1,2.40202,734.2,298.113882,dairy,dairy,"vegetarian,gluten_free,nut_free,keto",medium
334897,"Beef, loin, tenderloin roast, separable lean only, boneless, trimmed to 0"" fat, select, cooked, roasted",27.7,6.36,0.0,54.0,0.0,meat,none,"gluten_free,dairy_free,nut_free,paleo,keto",medium
746763,"Beef, short loin, t-bone steak, bone-in, separable lean only, trimmed to 1/8"" fat, choice, cooked, grilled",27.3,11.4,0.0,67.0,219.0,meat,none,"gluten_free,dairy_free,nut_free,paleo,keto",medium
746758,"Beef, loin, tenderloin roast, separable lean only, boneless, trimmed to 0"" fat, select, cooked, roasted",27.7,6.36,0.0,54.0,176.0,meat,none,"gluten_free,dairy_free,nut_free,paleo,keto",medium
335061,"Beef, short loin, t-bone steak, bone-in, separable lean only, trimmed to 1/8"" fat, choice, cooked, grilled",27.3,11.4,0.0,67.0,0.0,meat,none,"gluten_free,dairy_free,nut_free,paleo,keto",medium
746785,"Turkey, ground, 93% lean, 7% fat, pan-broiled crumbles",27.1,11.6,0.0,90.0,220.0,meat,none,"gluten_free,dairy_free,nut_free,paleo,keto",low
330869,"Turkey, ground, 93% lean, 7% fat, pan-broiled crumbles",27.1,11.6,0.0,90.0,0.0,meat,none,"gluten_free,dairy_free,nut_free,paleo,keto",low
325992,"Sausage, turkey, breakfast links, mild, raw",16.7,10.4,0.93,599.0,0.0,meat,none,"gluten_free,dairy_free,nut_free,paleo,keto",medium
334536,"Restaurant, Chinese, fried rice, without meat",3.84,3.19,32.5,361.0,0.0,meat,none,"gluten_free,dairy_free,nut_free,paleo",low
329370,"Cheese, mozzarella, low moisture, part-skim",23.7,20.4,4.44,699.0,298.0,dairy,dairy,"vegetarian,gluten_free,nut_free,keto",medium
2646172,"Beef, ribeye, steak, boneless, choice, raw",18.74375,20.04,0.0,42.54,259.611425,meat,none,"gluten_free,dairy_free,nut_free,paleo,keto",medium
2710817,"Plantains, ripe, raw",1.15625,0.8933,30.95215,0.0,122.789661,other,none,"vegan,vegetarian,gluten_free,dairy_free,nut_free,paleo",medium
324317,"Onion rings, breaded, par fried, frozen, prepared, heated in oven",4.52,14.4,36.3,374.0,289.0,vegetable,none,"vegan,vegetarian,gluten_free,dairy_free,nut_free,paleo",low
2647442,"Cheese, queso fresco, solid",18.8848,23.36,2.9572,626.5,297.41686,dairy,dairy,"vegetarian,gluten_free,nut_free,keto",medium
2514744,"Beef, ground, 80% lean meat / 20% fat, raw",17.53125,19.44,0.0,54.94,247.812675,meat,none,"gluten_free,dairy_free,nut_free,paleo,keto",medium
334963,"Beef, round, top round roast, boneless, separable lean only, trimmed to 0"" fat, select, raw",23.7,2.41,0.0,55.0,0.0,meat,none,"gluten_free,dairy_free,nut_free,paleo,keto",medium
2710843,"Plantains, overripe, raw",1.166875,0.99,29.191425,0.0,117.29613,other,none,"vegan,vegetarian,gluten_free,dairy_free,nut_free,paleo",medium
334898,"Beef, round, eye of round roast, boneless, separable lean only, trimmed to 0"" fat, select, raw",23.4,2.48,0.0,50.0,0.0,meat,none,"gluten_free,dairy_free,nut_free,paleo,keto",medium
2646174,"Beef, chuck, roast, boneless, choice, raw",18.4,17.8,0.0,48.44,237.096894,meat,none,"gluten_free,dairy_free,nut_free,paleo,keto",medium
746761,"Beef, round, top round roast, boneless, separable lean only, trimmed to 0"" fat, select, raw",23.7,2.41,0.0,55.0,123.0,meat,none,"gluten_free,dairy_free,nut_free,paleo,keto",medium
746760,"Beef, round, eye of round roast, boneless, separable lean only, trimmed to 0"" fat, select, raw",23.4,2.48,0.0,50.0,122.0,meat,none,"gluten_free,dairy_free,nut_free,paleo,keto",medium
2514745,"Pork, ground, raw",17.80625,17.49,0.0,53.63,233.442059,meat,none,"gluten_free,dairy_free,nut_free,paleo,keto",medium
334849,"Beef, loin, top loin steak, boneless, lip-on, separable lean only, trimmed to 1/8"" fat, choice, raw",22.8,6.39,0.0,45.0,0.0,meat,none,"gluten_free,dairy_free,nut_free,paleo,keto",medium
334720,"Restaurant, Latino, pupusas con frijoles (pupusas, bean)",5.59,9.01,31.5,305.0,0.0,vegetable,none,"vegan,vegetarian,gluten_free,dairy_free,nut_free,paleo",low
335109,"Beef, short loin, porterhouse steak, separable lean only, trimmed to 1/8"" fat, select, raw",22.7,5.32,0.0,43.0,0.0,meat,none,"gluten_free,dairy_free,nut_free,paleo,keto",medium
746759,"Beef, loin, top loin steak, boneless, lip-on, separable lean only, trimmed to 1/8"" fat, choice, raw",22.8,6.39,0.0,45.0,155.0,meat,none,"gluten_free,dairy_free,nut_free,paleo,keto",medium
331897,"Chicken, broilers or fryers, drumstick, meat only, cooked, braised",23.9,5.95,0.0,117.0,156.0,meat,gluten,"dairy_free,nut_free,paleo,keto",low
746783,"Sausage, turkey, breakfast links, mild, raw",16.7,10.4,0.93,599.0,169.0,meat,none,"gluten_free,dairy_free,nut_free,paleo,keto",medium
746762,"Beef, short loin, porterhouse steak, separable lean only, trimmed to 1/8"" fat, select, raw",22.7,5.32,0.0,43.0,145.0,meat,none,"gluten_free,dairy_free,nut_free,paleo,keto",medium
1104647,"Garlic, raw",6.62,0.38,28.2,0.0,130.0,vegetable,none,"vegan,vegetarian,gluten_free,dairy_free,nut_free,paleo",medium
2684441,"Fish, salmon, Atlantic, farm raised, raw",20.31875,13.11,0.0,49.49,203.10632,seafood,fish,"gluten_free,dairy_free,nut_free,paleo,keto",high
2646170,"Chicken, breast, boneless, skinless, raw",22.525,1.934,0.0,65.75,112.20227,meat,none,"gluten_free,dairy_free,nut_free,paleo,keto",medium
2684440,"Fish, salmon, sockeye, wild caught, raw",22.3,4.936,0.0,53.3,136.22202,seafood,fish,"gluten_free,dairy_free,nut_free,paleo,keto",high
2646168,"Pork, loin, boneless, raw",21.11875,9.469,0.0,40.2,173.72307,meat,none,"gluten_free,dairy_free,nut_free,paleo,keto",medium
2684443,"Crustaceans, shrimp, farm raised, raw",15.56875,0.8013,0.48495,474.9,75.699433,seafood,shellfish,"gluten_free,dairy_free,nut_free,paleo,keto",medium
2646169,"Pork, loin, tenderloin, boneless, raw",21.58125,3.899,0.0,41.39,125.02117,meat,none,"gluten_free,dairy_free,nut_free,paleo,keto",medium
2646173,"Beef, round, top round, boneless, choice, raw",21.475,5.703,0.852,45.54,146.43655,meat,none,"gluten_free,dairy_free,nut_free,paleo,keto",medium
2710824,"Avocado, Hass, peeled, raw",1.8125,20.31,8.3235,0.0,206.0493,fruit,none,"vegan,vegetarian,gluten_free,dairy_free,nut_free,paleo,keto",medium
2646175,"Beef, flank, steak, boneless, choice, raw",20.13125,9.399,0.0,51.3,169.562744,meat,none,"gluten_free,dairy_free,nut_free,paleo,keto",medium
2514743,"Beef, ground, 90% lean meat / 10% fat, raw",18.15625,12.85,0.0,61.64,190.134819,meat,none,"gluten_free,dairy_free,nut_free,paleo,keto",medium
2684446,"Crustaceans, crab, blue swimming, lump, pasteurized, refrigerated",18.65,0.8075,0.0,331.3,86.021115,seafood,shellfish,"gluten_free,dairy_free,nut_free,paleo,keto",high
790991,"Bananas, ripe and slightly ripe, raw",0.74,0.29,23.0,0.0,0.0,fruit,none,"vegan,vegetarian,gluten_free,dairy_free,nut_free,paleo",medium
1105314,"Bananas, ripe and slightly ripe, raw",0.74,0.29,23.0,0.0,88.0,fruit,none,"vegan,vegetarian,gluten_free,dairy_free,nut_free,paleo",medium
2646171,"Chicken, thigh, boneless, skinless, raw",18.6125,7.916,0.0,62.33,149.306475,meat,none,"gluten_free,dairy_free,nut_free,paleo,keto",medium
334194,"Fish, tuna, light, canned in water, drained solids",19.0,0.94,0.08,219.0,90.0,seafood,fish,"gluten_free,dairy_free,nut_free,paleo,keto",medium
334628,"Restaurant, Latino, tamale, pork",7.38,9.04,15.8,473.0,0.0,meat,none,"gluten_free,dairy_free,nut_free,paleo",medium
2684442,"Fish, tilapia, farm raised, raw",19.0,2.479,0.0,93.66,99.95727,seafood,fish,"gluten_free,dairy_free,nut_free,paleo,keto",medium
2514746,"Chicken, ground, with additives, raw",17.9125,7.161,0.0,62.95,138.128494,meat,none,"gluten_free,dairy_free,nut_free,paleo,keto",medium
2346387,"Cream, sour, full fat",3.070694,17.99,5.555506,50.04,192.7437716,dairy,dairy,"vegetarian,gluten_free,nut_free,keto",medium
334462,"Restaurant, Chinese, sweet and sour pork",8.88,13.6,25.5,304.0,0.0,meat,none,"gluten_free,dairy_free,nut_free,paleo",medium
2514747,"Turkey, ground, 93% lean/ 7% fat, raw",17.34375,9.591,0.0,80.18,157.5897,meat,none,"gluten_free,dairy_free,nut_free,paleo,keto",medium
2685579,"Tomato, sauce, canned, with salt added",1.351875,0.3825,6.331625,416.9,29.10400125,vegetable,none,"vegan,vegetarian,gluten_free,dairy_free,nut_free,paleo,keto",medium
2684444,"Fish, cod, Atlantic, wild caught, raw",16.06875,0.6675,0.0,298.8,70.477065,seafood,fish,"gluten_free,dairy_free,nut_free,paleo,keto",medium
790774,"Bananas, overripe, raw",0.73,0.22,20.1,0.0,0.0,fruit,none,"vegan,vegetarian,gluten_free,dairy_free,nut_free,paleo",medium
332282,"Sauce, pasta, spaghetti/marinara, ready-to-serve",1.41,1.48,8.05,419.0,45.0,grain,none,"vegan,vegetarian,gluten_free,dairy_free,nut_free,keto",low
1105073,"Bananas, overripe, raw",0.73,0.22,20.1,0.0,77.0,fruit,none,"vegan,vegetarian,gluten_free,dairy_free,nut_free,paleo",medium
2263890,"Grapes, red, seedless, raw",0.914375,0.1638,20.196825,6.999,77.151876,fruit,none,"vegan,vegetarian,gluten_free,dairy_free,nut_free,paleo",medium
2684445,"Fish, catfish, farm raised, raw",16.46875,7.308,0.0,60.51,133.787497,seafood,fish,"gluten_free,dairy_free,nut_free,paleo,keto",medium
333374,"Fish, haddock, raw",16.3,0.45,0.0,213.0,74.0,seafood,fish,"gluten_free,dairy_free,nut_free,paleo,keto",medium
333476,"Fish, pollock, raw",12.3,0.41,0.0,333.0,56.0,seafood,fish,"gluten_free,dairy_free,nut_free,paleo,keto",medium
2263891,"Grapes, green, seedless, raw",0.89875,0.2325,18.60375,3.171,71.939325,fruit,none,"vegan,vegetarian,gluten_free,dairy_free,nut_free,paleo",medium
2685580,"Tomato, paste, canned, without salt added",4.234375,0.7325,20.188125,61.15,88.53450625,vegetable,none,"vegan,vegetarian,gluten_free,dairy_free,nut_free,paleo",medium
2346401,"Potatoes, russet, without skin, raw",2.27375,0.36,17.77125,2.743,80.9523625,vegetable,none,"vegan,vegetarian,gluten_free,dairy_free,nut_free,paleo",low
2644290,"Beans, kidney, light red, canned, sodium added, sugar added, drained and rinsed",7.30625,1.299,21.44675,158.5,123.51359,vegetable,none,"vegan,vegetarian,gluten_free,dairy_free,nut_free",low
2710834,"Mango, Ataulfo, peeled, raw",0.6875,0.6813,17.3962,0.0,70.638801,fruit,none,"vegan,vegetarian,gluten_free,dairy_free,nut_free,paleo",medium
2346404,"Sweet potatoes, orange flesh, without skin, raw",1.578125,0.375,17.327875,0.0,77.35727375,vegetable,none,"vegan,vegetarian,gluten_free,dairy_free,nut_free,paleo",low
2644289,"Beans, kidney, dark red, canned, sodium added, sugar added, drained and rinsed",7.8,1.256,21.03,172.3,123.17082,vegetable,none,"vegan,vegetarian,gluten_free,dairy_free,nut_free",low
321358,"Hummus, commercial",7.35,17.1,14.9,438.0,229.0,other,none,"vegan,vegetarian,gluten_free,dairy_free,nut_free,paleo",medium
2346399,"Cherries, sweet, dark red, raw",1.039375,0.1925,16.163125,0.0,63.290775,other,none,"vegan,vegetarian,gluten_free,dairy_free,nut_free,paleo",medium
2003593,"Grape juice, white, with added vitamin C, from concentrate, shelf stable",0.09375,0.265,15.84375,7.188,64.64055,fruit,none,"vegan,vegetarian,gluten_free,dairy_free,nut_free,paleo",medium
2346402,"Potatoes, red, without skin, raw",2.0625,0.2475,16.27,2.856,73.373425,vegetable,none,"vegan,vegetarian,gluten_free,dairy_free,nut_free,paleo",low
2644286,"Beans, navy, canned, sodium added, drained and rinsed",6.56875,1.398,19.98325,190.1,115.82665,vegetable,none,"vegan,vegetarian,gluten_free,dairy_free,nut_free,paleo",low
1105897,"Apples, fuji, with skin, raw",0.15,0.16,15.7,1.0,58.0,fruit,none,"vegan,vegetarian,gluten_free,dairy_free,nut_free,paleo",medium
1750340,"Apples, fuji, with skin, raw",0.1484375,0.1625,15.6511625,1.013,58.20306,fruit,none,"vegan,vegetarian,gluten_free,dairy_free,nut_free,paleo",medium
2003592,"Grape juice, purple, with added vitamin C, from concentrate, shelf stable",0.2578125,0.2875,15.6227875,4.019,64.513952,fruit,none,"vegan,vegetarian,gluten_free,dairy_free,nut_free,paleo",medium
2644285,"Beans, black, canned, sodium added, drained and rinsed",6.9125,1.273,19.8135,217.9,115.28233,vegetable,none,"vegan,vegetarian,gluten_free,dairy_free,nut_free,paleo",low
2346403,"Potatoes, gold, without skin, raw",1.8125,0.2638,15.9624,2.238,71.575228,vegetable,none,"vegan,vegetarian,gluten_free,dairy_free,nut_free,paleo",low
323604,"Egg, whole, raw, frozen, pasteurized",12.3,10.3,0.91,121.0,150.0,dairy,"dairy,eggs","vegetarian,gluten_free,nut_free,keto",low
2644292,"Beans, pinto, canned, sodium added, drained and rinsed",6.69375,1.266,19.60025,201.6,113.59675,vegetable,none,"vegan,vegetarian,gluten_free,dairy_free,nut_free,paleo",low
748967,"Eggs, Grade A, Large, egg whole",12.4,9.96,0.96,129.0,147.0,dairy,"dairy,eggs","vegetarian,gluten_free,nut_free,keto",low
2644294,"Beans, great northern, canned, sodium added, drained and rinsed",7.03125,1.266,19.32875,223.1,113.66287,vegetable,none,"vegan,vegetarian,gluten_free,dairy_free,nut_free,paleo",low
332597,"Pears, raw, bartlett (Includes foods for USDA's Food Distribution Program)",0.38,0.16,15.1,7.0,0.0,vegetable,none,"vegan,vegetarian,gluten_free,dairy_free,nut_free,paleo",medium
2644288,"Chickpeas (garbanzo beans, bengal gram), canned, sodium added, drained and rinsed",7.01875,3.096,20.32025,201.7,132.972,vegetable,none,"vegan,vegetarian,gluten_free,dairy_free,nut_free,paleo",low
2644293,"Blackeye pea, canned, sodium added, drained and rinsed",6.925,1.296,19.1659,226.7,112.882483,vegetable,none,"vegan,vegetarian,gluten_free,dairy_free,nut_free,paleo",medium
2710833,"Mango, Tommy Atkins, peeled, raw",0.5625,0.5725,15.265,0.0,61.635825,fruit,none,"vegan,vegetarian,gluten_free,dairy_free,nut_free,paleo",medium
746773,"Pears, raw, bartlett",0.38,0.16,15.1,7.0,57.0,vegetable,none,"vegan,vegetarian,gluten_free,dairy_free,nut_free,paleo",medium
2644287,"Beans, cannellini, canned, sodium added, drained and rinsed",7.4125,1.169,18.8185,164.0,112.0972,vegetable,none,"vegan,vegetarian,gluten_free,dairy_free,nut_free,paleo",low
1105781,"Apples, gala, with skin, raw",0.13,0.15,14.8,0.0,55.0,fruit,none,"vegan,vegetarian,gluten_free,dairy_free,nut_free,paleo",medium
1105430,"Apples, red delicious, with skin, raw",0.19,0.21,14.8,0.0,56.0,fruit,none,"vegan,vegetarian,gluten_free,dairy_free,nut_free,paleo",medium
1750341,"Apples, gala, with skin, raw",0.1328125,0.15,14.7680875,0.2788,54.866865,fruit,none,"vegan,vegetarian,gluten_free,dairy_free,nut_free,paleo",medium
1750339,"Apples, red delicious, with skin, raw",0.1875,0.2125,14.7817,0.0,55.622745,fruit,none,"vegan,vegetarian,gluten_free,dairy_free,nut_free,paleo",medium
1105547,"Apples, honeycrisp, with skin, raw",0.1,0.1,14.7,0.0,54.0,fruit,none,"vegetarian,gluten_free,dairy_free,nut_free,paleo",medium
1750343,"Apples, honeycrisp, with skin, raw",0.1015625,0.1,14.6819375,0.1375,54.033225,fruit,none,"vegetarian,gluten_free,dairy_free,nut_free,paleo",medium
2346384,"Cottage cheese, full fat, large or small curd",11.62436,4.225,4.59964,349.8,104.574374,dairy,dairy,"vegetarian,gluten_free,nut_free,keto",medium
2710836,"Pear, Anjou, green, with skin, raw",0.3125,0.3713,14.7674,0.3975,57.320421,vegetable,none,"vegan,vegetarian,gluten_free,dairy_free,nut_free,paleo",medium
328841,"Cheese, cottage, lowfat, 2% milkfat",11.0,2.3,4.31,321.0,84.0,dairy,dairy,"vegetarian,gluten_free,nut_free,keto",low
2263889,"Blueberries, raw",0.703125,0.3063,14.571775,0.0,57.384621,other,none,"vegan,vegetarian,gluten_free,dairy_free,nut_free,paleo",medium
1105664,"Apples, granny smith, with skin, raw",0.27,0.14,14.2,0.0,53.0,fruit,none,"vegan,vegetarian,gluten_free,dairy_free,nut_free,paleo",medium
1750342,"Apples, granny smith, with skin, raw",0.265625,0.1375,14.142975,0.0,52.958085,fruit,none,"vegan,vegetarian,gluten_free,dairy_free,nut_free,paleo",medium
2346398,"Pineapple, raw",0.4609375,0.2113,14.0914625,0.0,54.046596,fruit,none,"vegan,vegetarian,gluten_free,dairy_free,nut_free,paleo",medium
321611,"Beans, snap, green, canned, regular pack, drained solids",1.04,0.39,4.11,282.0,20.0,vegetable,none,"vegan,vegetarian,gluten_free,dairy_free,nut_free,paleo,keto",low
2710826,"Corn, sweet, yellow and white kernels, Â fresh, raw",2.789375,1.626,14.689625,0.0,72.85765625,grain,none,"vegan,vegetarian,gluten_free,dairy_free,nut_free",medium
327046,"Kiwifruit, green, raw",1.06,0.44,14.0,5.0,58.0,other,none,"vegan,vegetarian,gluten_free,dairy_free,nut_free,paleo",medium
2710831,"Kiwifruit (kiwi), green, peeled, raw",1.008125,0.64,13.818075,2.275,58.48917,other,none,"vegan,vegetarian,gluten_free,dairy_free,nut_free,paleo",medium
2710837,"Plum, black, with skin, raw",0.578125,0.2825,13.455575,0.0,52.747095,fruit,none,"vegan,vegetarian,gluten_free,dairy_free,nut_free,paleo",medium
2710832,"Mandarin, seedless, peeled, raw",1.039375,0.4575,13.421825,0.0,55.640145,nuts_seeds,none,"vegan,vegetarian,gluten_free,dairy_free,nut_free,paleo",medium
747997,"Eggs, Grade A, Large, egg white",10.7,0.0,2.36,0.0,55.0,dairy,"dairy,eggs","vegetarian,gluten_free,nut_free,keto",low
2263888,"Raspberries, raw",1.008125,0.1875,12.904375,0.0,51.412425,other,none,"vegan,vegetarian,gluten_free,dairy_free,nut_free,paleo",medium
330415,"Yogurt, Greek, strawberry, nonfat",8.06,0.15,12.2,32.0,83.0,dairy,dairy,"vegetarian,gluten_free,nut_free",medium
2263892,"Applesauce, unsweetened, with added vitamin C",0.2734375,0.1625,12.2615625,0.5038,46.4205,fruit,none,"vegan,vegetarian,gluten_free,dairy_free,nut_free,paleo",medium
323697,"Egg, white, raw, frozen, pasteurized",10.1,0.16,0.74,144.0,48.0,dairy,"dairy,eggs","vegetarian,gluten_free,nut_free,keto",low
746766,"Cheese, ricotta, whole milk",7.81,11.0,6.86,105.0,157.0,dairy,dairy,"vegetarian,gluten_free,nut_free,keto",low
327501,"Oranges, raw, navels (Includes foods for USDA's Food Distribution Program)",0.91,0.15,11.8,9.0,0.0,fruit,none,"vegan,vegetarian,gluten_free,dairy_free,nut_free,paleo",medium
2003596,"Tomato juice, with added ingredients, from concentrate, shelf stable",0.859375,0.2875,4.320625,235.6,19.92788125,vegetable,none,"vegan,vegetarian,gluten_free,dairy_free,nut_free,paleo,keto",medium
330137,"Yogurt, Greek, plain, nonfat",10.3,0.37,3.64,36.0,61.0,dairy,dairy,"vegetarian,gluten_free,nut_free,keto",medium
2003590,"Apple juice, with added vitamin C, from concentrate, shelf stable",0.0859375,0.2863,11.3639625,4.872,47.231814,fruit,none,"vegan,vegetarian,gluten_free,dairy_free,nut_free,paleo",medium
746771,"Oranges, raw, navels",0.91,0.15,11.8,9.0,47.0,fruit,none,"vegan,vegetarian,gluten_free,dairy_free,nut_free,paleo",medium
2644291,"Peas, green, sweet, canned, sodium added, sugar added, drained and rinsed",4.734375,1.153,12.707625,207.4,77.798925,vegetable,none,"vegan,vegetarian,gluten_free,dairy_free,nut_free",low
2685570,"Squash, winter, butternut, raw",1.14875,0.1675,10.50745,0.0,41.7165215,dairy,dairy,"vegetarian,gluten_free,nut_free",medium
2685571,"Squash, winter, acorn, raw",1.25,0.1825,10.48,0.0,41.991125,vegetable,none,"vegan,vegetarian,gluten_free,dairy_free,nut_free,paleo",medium
2003591,"Orange juice, no pulp, not fortified, from concentrate, refrigerated",0.734375,0.325,10.340625,5.231,45.723,fruit,none,"vegan,vegetarian,gluten_free,dairy_free,nut_free,paleo",medium
2710815,"Apricot, with skin, raw",0.96125,0.405,10.23875,0.0,43.47915,other,none,"vegan,vegetarian,gluten_free,dairy_free,nut_free,paleo",medium
2003597,"Orange juice, no pulp, not fortified, not from concentrate, refrigerated",0.8125,0.3563,10.0124,0.075,44.960839,fruit,none,"vegan,vegetarian,gluten_free,dairy_free,nut_free,paleo",medium
323444,"Cheese, ricotta, whole milk",7.81,11.0,6.86,105.0,0.0,dairy,dairy,"vegetarian,gluten_free,nut_free,keto",low
790577,"Onions, red, raw",0.94,0.1,9.93,1.0,42.0,vegetable,none,"vegan,vegetarian,gluten_free,dairy_free,nut_free,paleo,keto",low
2259794,"Yogurt, Greek, plain, whole milk",8.77888,4.394,4.75402,33.76,94.507135,dairy,dairy,"vegetarian,gluten_free,nut_free,keto",low
325430,"Peaches, yellow, raw",0.91,0.27,10.1,13.0,42.0,vegetable,none,"vegan,vegetarian,gluten_free,dairy_free,nut_free,paleo",medium
2258586,"Carrots, mature, raw",0.94125,0.3506,10.26755,86.65,44.978589,vegetable,none,"vegan,vegetarian,gluten_free,dairy_free,nut_free,paleo",low
2003595,"Grapefruit juice, red, not fortified, not from concentrate, refrigerated",0.5703125,0.2669,9.1021875,1.031,39.830778,fruit,none,"vegan,vegetarian,gluten_free,dairy_free,nut_free,paleo,keto",medium
327357,"Nectarines, raw",1.06,0.28,9.18,13.0,39.0,other,none,"vegan,vegetarian,gluten_free,dairy_free,nut_free,paleo,keto",medium
790646,"Onions, yellow, raw",0.83,0.05,8.61,1.0,36.0,vegetable,none,"vegan,vegetarian,gluten_free,dairy_free,nut_free,paleo,keto",low
2685575,"Brussels sprouts, raw",3.984375,0.565,9.615625,25.74,48.77870625,other,none,"vegan,vegetarian,gluten_free,dairy_free,nut_free,paleo,keto",medium
2258587,"Carrots, baby, raw",0.805,0.1375,9.0787,62.66,38.250983,vegetable,none,"vegan,vegetarian,gluten_free,dairy_free,nut_free,paleo,keto",low
2003599,"Mushroom, king oyster",2.40625,0.3075,8.50065,0.7713,38.460412,vegetable,none,"vegan,vegetarian,gluten_free,dairy_free,nut_free,paleo,keto",medium
327198,"Melons, cantaloupe, raw",0.82,0.18,8.16,30.0,0.0,fruit,none,"vegan,vegetarian,gluten_free,dairy_free,nut_free,paleo,keto",medium
2263887,"Strawberries, raw",0.640625,0.22,7.964375,0.0,32.66565,other,none,"vegan,vegetarian,gluten_free,dairy_free,nut_free,paleo,keto",medium
1750346,"Mushrooms, shiitake",2.414375,0.195,8.170625,0.9363,36.3915875,vegetable,none,"vegan,vegetarian,gluten_free,dairy_free,nut_free,paleo,keto",medium
2003600,"Mushroom, enoki",2.416875,0.245,8.141425,0.4167,36.7150215,vegetable,none,"vegan,vegetarian,gluten_free,dairy_free,nut_free,paleo,keto",medium
2685576,"Beets, raw",1.6875,0.3025,8.787,111.6,40.965255,other,none,"vegan,vegetarian,gluten_free,dairy_free,nut_free,paleo,keto",medium
2710816,"Melons, honeydew, raw",0.53125,0.2163,8.14995,21.15,32.935251,fruit,none,"vegetarian,gluten_free,dairy_free,nut_free,paleo,keto",medium
326458,"Carrots, frozen, unprepared (Includes foods for USDA's Food Distribution Program)",0.81,0.47,7.92,66.0,0.0,vegetable,none,"vegan,vegetarian,gluten_free,dairy_free,nut_free,paleo,keto",low
327699,"Strawberries, raw",0.64,0.22,7.63,10.0,0.0,other,none,"vegan,vegetarian,gluten_free,dairy_free,nut_free,paleo,keto",medium
1104962,"Onions, white, raw",0.89,0.13,7.68,2.0,33.0,vegetable,none,"vegan,vegetarian,gluten_free,dairy_free,nut_free,paleo,keto",low
325287,"Grapefruit juice, white, canned or bottled, unsweetened",0.55,0.7,7.59,1.0,37.0,fruit,none,"vegan,vegetarian,gluten_free,dairy_free,nut_free,paleo,keto",medium
746770,"Melons, cantaloupe, raw",0.82,0.18,8.16,30.0,34.0,fruit,none,"vegan,vegetarian,gluten_free,dairy_free,nut_free,paleo,keto",medium
2685581,"Tomatoes, crushed, canned",1.4375,0.3975,7.137,139.8,32.313665,vegetable,none,"vegan,vegetarian,gluten_free,dairy_free,nut_free,paleo,keto",medium
2003594,"Cranberry juice, not fortified, from concentrate, shelf stable",0.0,0.3375,7.26375,6.341,31.298775,fruit,none,"vegan,vegetarian,gluten_free,dairy_free,nut_free,paleo,keto",medium
747448,"Strawberries, raw",0.64,0.22,7.63,10.0,31.0,other,none,"vegan,vegetarian,gluten_free,dairy_free,nut_free,paleo,keto",medium
1750344,"Mushroom, lion's mane",2.5,0.2563,7.5897,0.3363,35.107387,vegetable,none,"vegan,vegetarian,gluten_free,dairy_free,nut_free,paleo,keto",medium
2647437,"Yogurt, plain, nonfat",4.22675,0.0875,8.07675,51.48,50.07437,dairy,dairy,"vegetarian,gluten_free,nut_free,keto",medium
2346400,"Beans, snap, green, raw",1.96875,0.275,7.41245,0.0,33.5679465,vegetable,none,"vegan,vegetarian,gluten_free,dairy_free,nut_free,paleo,keto",low
2685582,"Tomato, puree, canned",1.578125,0.265,8.036875,29.36,34.76031875,vegetable,none,"vegan,vegetarian,gluten_free,dairy_free,nut_free,paleo,keto",medium
746764,"Carrots, frozen, unprepared",0.81,0.47,7.92,66.0,37.0,vegetable,none,"vegan,vegetarian,gluten_free,dairy_free,nut_free,paleo,keto",low
1750345,"Mushroom, oyster",2.89875,0.1875,6.94125,1.128,33.31965,vegetable,none,"vegan,vegetarian,gluten_free,dairy_free,nut_free,paleo,keto",medium
2258591,"Peppers, bell, orange, raw",0.881875,0.1556,6.703125,0.0,27.38430325,vegetable,none,"vegan,vegetarian,gluten_free,dairy_free,nut_free,paleo,keto",medium
2258590,"Peppers, bell, red, raw",0.895625,0.1256,6.653175,0.0,26.98843175,vegetable,none,"vegan,vegetarian,gluten_free,dairy_free,nut_free,paleo,keto",medium
2258589,"Peppers, bell, yellow, raw",0.819375,0.1211,6.601725,0.0,26.58104025,vegetable,none,"vegan,vegetarian,gluten_free,dairy_free,nut_free,paleo,keto",medium
2003603,"Mushroom, beech",2.18,0.4494,6.7593,0.8913,32.995442,vegetable,none,"vegan,vegetarian,gluten_free,dairy_free,nut_free,paleo,keto",medium
2003602,"Mushroom, maitake",2.203125,0.265,6.604375,0.345,30.9734625,vegetable,none,"vegan,vegetarian,gluten_free,dairy_free,nut_free,paleo,keto",medium
2346408,"Cabbage, red, raw",1.2425,0.2138,6.7899,11.72,29.943836,vegetable,none,"vegan,vegetarian,gluten_free,dairy_free,nut_free,paleo,keto",medium
2685574,"Collards, raw",2.96875,0.77,7.02225,18.41,38.7580825,oil_fat,none,"vegan,vegetarian,gluten_free,dairy_free,nut_free,paleo,keto",medium
2003604,"Mushroom, pioppini",3.5,0.24,5.7637,0.0,31.236476,vegetable,none,"vegan,vegetarian,gluten_free,dairy_free,nut_free,paleo,keto",medium
321900,"Broccoli, raw",2.57,0.34,6.29,36.0,0.0,vegetable,none,"vegan,vegetarian,gluten_free,dairy_free,nut_free,paleo,keto",medium
2259793,"Yogurt, plain, whole milk",3.824172,4.484,5.574928,41.78,77.3185458,dairy,dairy,"vegetarian,gluten_free,nut_free,keto",low
2346407,"Cabbage, green, raw",0.96125,0.2275,6.38375,16.1,27.8695,vegetable,none,"vegan,vegetarian,gluten_free,dairy_free,nut_free,paleo,keto",medium
333281,"Tomatoes, canned, red, ripe, diced",0.84,0.5,3.32,125.0,18.0,vegetable,none,"vegan,vegetarian,gluten_free,dairy_free,nut_free,paleo,keto",medium
2685578,"Tomatoes, whole, canned, solids and liquids, with salt added",0.8675,0.2063,4.2874,111.5,19.149449,vegetable,none,"vegan,vegetarian,gluten_free,dairy_free,nut_free,paleo,keto",medium
322559,"Milk, nonfat, fluid, with added vitamin A and vitamin D (fat free or skim)",3.43,0.08,4.89,41.0,0.0,dairy,dairy,"vegetarian,gluten_free,nut_free,keto",low
2685577,"Eggplant, raw",0.851875,0.12,5.399325,0.4425,22.35856525,dairy,"dairy,eggs","vegetarian,gluten_free,nut_free,keto",low
747447,"Broccoli, raw",2.57,0.34,6.27,36.0,32.0,vegetable,none,"vegan,vegetarian,gluten_free,dairy_free,nut_free,paleo,keto",medium
321360,"Tomatoes, grape, raw",0.83,0.63,5.51,6.0,27.0,vegetable,none,"vegan,vegetarian,gluten_free,dairy_free,nut_free,paleo,keto",medium
322228,"Milk, lowfat, fluid, 1% milkfat, with added vitamin A and vitamin D",3.38,0.95,5.19,39.0,0.0,dairy,dairy,"vegetarian,gluten_free,nut_free,keto",low
2346405,"Celery, raw",0.4921875,0.1625,3.3165125,97.21,14.83215875,vegetable,none,"vegan,vegetarian,gluten_free,dairy_free,nut_free,paleo,keto",medium
2710823,"Asparagus, green, raw",1.4375,0.2163,5.1012,2.46,23.529215,other,none,"vegan,vegetarian,gluten_free,dairy_free,nut_free,paleo,keto",medium
2710822,"Arugula, baby, raw",1.64875,0.325,5.36825,86.93,25.9078525,other,none,"vegan,vegetarian,gluten_free,dairy_free,nut_free,paleo,keto",medium
1750352,"Spinach, baby",2.851875,0.6188,2.406325,111.4,20.72851125,vegetable,none,"vegan,vegetarian,gluten_free,dairy_free,nut_free,paleo,keto",medium
2258588,"Peppers, bell, green, raw",0.715,0.1063,4.7781,0.0,19.692148,vegetable,none,"vegan,vegetarian,gluten_free,dairy_free,nut_free,paleo,keto",medium
746776,"Milk, nonfat, fluid, with added vitamin A and vitamin D (fat free or skim)",3.43,0.08,4.92,41.0,34.0,dairy,dairy,"vegetarian,gluten_free,nut_free,keto",low
2003598,"Mushroom, portabella",2.75,0.3117,4.6583,5.312,26.024813,vegetable,none,"vegan,vegetarian,gluten_free,dairy_free,nut_free,paleo,keto",medium
321359,"Milk, reduced fat, fluid, 2% milkfat, with added vitamin A and vitamin D",3.35,1.9,4.91,39.0,0.0,dairy,dairy,"vegetarian,gluten_free,nut_free,keto",low
326196,"Kale, frozen, cooked, boiled, drained, without salt",2.94,1.21,5.3,16.0,36.0,vegetable,none,"vegan,vegetarian,gluten_free,dairy_free,nut_free,paleo,keto",low
2257046,"Oat milk, unsweetened, plain, refrigerated",0.796875,2.749,5.100325,41.98,0.0,dairy,dairy,"vegetarian,gluten_free,nut_free,keto",low
746782,"Milk, whole, 3.25% milkfat, with added vitamin D",3.27,3.2,4.63,38.0,60.0,dairy,dairy,"vegetarian,gluten_free,nut_free,keto",low
746772,"Milk, lowfat, fluid, 1% milkfat, with added vitamin A and vitamin D",3.38,0.95,5.18,39.0,43.0,dairy,dairy,"vegetarian,gluten_free,nut_free,keto",low
1750353,"Spinach, mature",2.90625,0.6044,2.64135,106.6,21.5796975,vegetable,none,"vegan,vegetarian,gluten_free,dairy_free,nut_free,paleo,keto",medium
2003601,"Mushroom, crimini",3.09375,0.1967,4.01455,4.572,23.722638,vegetable,none,"vegan,vegetarian,gluten_free,dairy_free,nut_free,paleo,keto",medium
322892,"Milk, whole, 3.25% milkfat, with added vitamin D",3.28,3.2,4.67,38.0,0.0,dairy,dairy,"vegetarian,gluten_free,nut_free,keto",low
1750347,"Mushrooms, white button",2.890625,0.3708,4.079375,6.443,24.8732585,vegetable,none,"vegan,vegetarian,gluten_free,dairy_free,nut_free,paleo,keto",medium
746778,"Milk, reduced fat, fluid, 2% milkfat, with added vitamin A and vitamin D",3.36,1.9,4.9,39.0,50.0,dairy,dairy,"vegetarian,gluten_free,nut_free,keto",low
2685573,"Cauliflower, raw",1.640625,0.2375,4.723075,20.0,22.85237775,other,none,"vegan,vegetarian,gluten_free,dairy_free,nut_free,paleo,keto",medium
2259792,"Buttermilk, low fat",3.464978,1.081,4.811522,92.49,42.9180362,dairy,dairy,"vegetarian,gluten_free,nut_free,keto",low
1750354,"Tomato, roma",0.695625,0.425,3.837475,0.0,18.95436075,vegetable,none,"vegan,vegetarian,gluten_free,dairy_free,nut_free,paleo,keto",medium
1750337,"Soy milk, unsweetened, plain, shelf stable",3.546875,2.125,1.293125,34.28,38.485,dairy,"dairy,soy","vegetarian,gluten_free,nut_free,keto",low
2346389,"Lettuce, romaine, green, raw",0.976875,0.07125,4.055575,23.0,17.45834025,vegetable,none,"vegan,vegetarian,gluten_free,dairy_free,nut_free,paleo,keto",medium
2346391,"Lettuce, leaf, green, raw",1.09375,0.1563,4.06615,28.88,18.4931365,vegetable,none,"vegan,vegetarian,gluten_free,dairy_free,nut_free,paleo,keto",medium
327923,"Lettuce, cos or romaine, raw",1.24,0.26,3.24,0.0,0.0,vegetable,none,"vegan,vegetarian,gluten_free,dairy_free,nut_free,paleo,keto",medium
2257044,"Soy milk, sweetened, plain, refrigerated",2.776875,1.957,2.996125,39.44,0.0,dairy,"dairy,soy","vegetarian,gluten_free,nut_free,keto",low
746769,"Lettuce, cos or romaine, raw",1.24,0.26,3.24,0.0,17.0,vegetable,none,"vegan,vegetarian,gluten_free,dairy_free,nut_free,paleo,keto",medium
2685572,"Cabbage, bok choy, raw",1.02375,0.2338,3.51495,14.27,17.0032275,vegetable,none,"vegan,vegetarian,gluten_free,dairy_free,nut_free,paleo,keto",medium
2346388,"Lettuce, iceberg, raw",0.7425,0.07375,3.36875,16.11,14.455425,vegetable,none,"vegan,vegetarian,gluten_free,dairy_free,nut_free,paleo,keto",medium
2257045,"Almond milk, unsweetened, plain, refrigerated",0.65625,1.558,0.67075,59.22,0.0,dairy,"dairy,tree_nuts","vegetarian,gluten_free,keto",low
2346406,"Cucumber, with peel, raw",0.625,0.1775,2.9525,1.515,13.934925,vegetable,none,"vegan,vegetarian,gluten_free,dairy_free,nut_free,paleo,keto",medium
323505,"Kale, raw",2.92,1.49,4.42,53.0,35.0,vegetable,none,"vegan,vegetarian,gluten_free,dairy_free,nut_free,paleo,keto",medium
2346390,"Lettuce, leaf, red, raw",0.883125,0.1063,3.260575,24.89,14.68480875,vegetable,none,"vegan,vegetarian,gluten_free,dairy_free,nut_free,paleo,keto",medium
1750338,"Almond milk, unsweetened, plain, shelf stable",0.5546875,1.221,0.3371125,59.58,14.5562,dairy,"dairy,tree_nuts","vegetarian,gluten_free,keto",low
2685568,"Squash, summer, green, zucchini, includes skin, raw",0.984375,0.205,0.0,0.0,0.0,vegetable,none,"vegan,vegetarian,gluten_free,dairy_free,nut_free,paleo,keto",medium
2685569,"Squash, summer, yellow, includes skin, raw",0.890625,0.135,0.0,0.0,0.0,vegetable,none,"vegan,vegetarian,gluten_free,dairy_free,nut_free,paleo,keto",medium
